filename,book_title,ai_description,age_orientation,text_type_fit,book_theme,keywords
"01.jpg","01","在这幅插图中，我们看到一群小老鼠们在温馨的房间里，正围坐在一张小桌子旁，神情专注地进行某种活动。画面的背景是简单而富有童趣的，墙上挂着一些色彩鲜艳的画作，显示出孩子们的创意和想象力。整个场景给人一种宁静而温暖的感觉，正如绘本所传递的积极正面价值观，强调了儿童的成长和教育。

小老鼠们的外观非常可爱，每只老鼠都有着不同的表情和个性，展现出他们各自的特点。有的老鼠低头认真画画，有的则在仔细观察，仿佛在思考如何表达自己的想法。这样的动作不仅展示了他们对创作的热情，也体现了团队合作和互相学习的重要性，刻画了孩子们在成长过程中所需的探索精神和好奇心。

色彩上，画面采用了柔和的绿色和暖色调，营造出一种安静而舒适的氛围。烛光微微闪烁，给整个房间增添了一丝神秘感和温暖感，仿佛在诉说着每个孩子心中那份纯真的梦想与希望。这种艺术风格不仅吸引了小朋友的目光，也让他们在潜意识中感受到一种安全感，鼓励他们勇敢追求自己的梦想。

整体情感氛围是充满温暖和正能量的，传达出家庭、友谊和探索的美好。这样的情感与绘本的主旨紧密相连，旨在培养孩子们的创造力和独立思考能力，鼓励他们在成长的过程中勇于","幼儿","睡前故事","儿童绘本，传递积极正面的价值观","儿童、绘本、教育、成长"
"02.jpg","02","在绘本《02》的插图中，我们可以感受到一种既紧张又富有教育意义的场景。画面描绘了一辆马车，车内的儿童表情惊恐，似乎正面临某种威胁。马车旁边，一个身穿黑色斗篷的角色正挥舞着一把夸张的斧头，这个角色的外观显得阴暗且神秘，令人不寒而栗。这种对比反映了绘本中对成长过程中可能遇到的恐惧与挑战的描绘。

插图的色彩运用极具表现力，背景呈现出深蓝色，营造出一种阴郁的氛围，而黑色的角色与明亮的橙色斧头形成鲜明对比，突显了冲突的紧迫感。这种色彩搭配不仅吸引儿童的注意，也引发他们对故事情节发展的好奇心。

情感氛围上，尽管画面中充满了紧张感，但它同时也传达了一种积极的教育意义。通过展示恐惧和挑战，绘本旨在让孩子们明白，成长过程中往往会遇到困难和不安，但关键在于如何面对这些挑战，并从中获得成长和勇气。

整体来看，这幅插图与绘本的主题紧密相连。它通过生动的画面和富有情感的表达，向孩子们传递了在面对恐惧时要勇敢、从容应对的价值观。这种积极正面的信息不仅帮助孩子们理解自身的情感，也鼓励他们在未来的成长中不断探索和克服内心的恐惧，成为更加坚强自信的人。","幼儿","睡前故事","儿童绘本，传递积极正面的价值观","儿童、绘本、教育、成长"
"03.jpg","03","在这幅来自《03》的插图中，画面展现了一幅温馨的家庭场景，正值节日的氛围中，孩子们围绕着装饰华丽的圣诞树，传递着浓厚的节日气息和亲情。整个画面背景简洁，让观者的目光自然而然地集中在生动的角色和丰富的细节上，这与绘本传递积极正面价值观的主题相得益彰。

人物和动物的外观各具特色：左侧的孩子抱着色彩斑斓的毛线球，身穿格子睡衣，脸上洋溢着纯真的笑容，展现了儿童的快乐与创造力；右侧的女孩则专注于编织，面带微笑，仿佛在享受创造的乐趣。而在她身旁，毛茸茸的小狗也穿着温暖的毛衣，活泼可爱，增添了画面的生动与亲密感。这些角色的动作和神情传达出一种积极向上的生活态度，反映出儿童在成长过程中对情感和创造的渴望。

色彩的运用上，插图采用了明亮而温暖的调色，色彩鲜艳的毛线、圣诞树上的装饰物，以及孩子们的服装，形成了强烈的视觉冲击，营造出欢快的节日气氛。这种生动的色彩搭配不仅吸引了小朋友的目光，也为整个绘本的教育意义增添了活力。

情感氛围上，这幅插图散发着温暖与幸福，孩子们的互动与专注，表现出亲情和友谊的珍贵，鼓励小读","幼儿","睡前故事","儿童绘本，传递积极正面的价值观","儿童、绘本、教育、成长"
"04.jpg","04","在这幅来自绘本《04》的插图中，画面展现了一个温馨宁静的儿童睡前场景，恰如其分地传递出积极正面的价值观，强调了陪伴和关怀的力量。画面中，一个年轻的母亲坐在床边，轻柔地抚摸着熟睡的孩子，孩子怀抱着玩具熊，脸上洋溢着安详的笑容。这一幕不仅展现了亲子之间深厚的情感纽带，也体现了家庭的温暖与安全感。

人物的外观和动作传递出浓厚的爱意。母亲的卷发和柔和的面容，散发着温柔的气息；她的动作轻柔而细腻，仿佛在倾注着无限的爱与关怀。孩子安心地蜷缩在被窝中，紧紧抱着心爱的玩具，显示出对母亲的依赖与信任。而在床边，忠实的狗狗静静地趴在那里，似乎也在守护着这一切，增添了家庭的和谐氛围。

色彩运用上，插图采用了柔和的水彩风格，整体色调温暖而明亮，突显了幸福与宁静的氛围。床单的绿色和黄色与母亲的衣物形成对比，使得画面既有层次感又充满生命力，营造出温馨的家庭环境。

这幅插图传递出的情感氛围，无疑与绘本的主旨密切相关。它不仅展示了亲子之间无条件的爱，也强调了陪伴的重要性，传递出“成长的过程中，有爱和关怀相伴，将使孩子更加自信与快乐","幼儿","睡前故事","儿童绘本，传递积极正面的价值观","儿童、绘本、教育、成长"
"05.jpg","05","在这幅出自儿童绘本《05》的插图中，我们可以看到一个温馨而富有趣味的场景，传达出积极正面的价值观。画面的中心是一碗热腾腾的汤，周围围绕着几只可爱的动物，它们正兴奋地享受着这顿美餐。插图通过生动的场景展现了分享与友谊的重要性，这与绘本整体的教育主题紧密相连。

在画面中，灰色的猫和棕色的小兔子都拿着汤勺，眼中流露出期待的神情，尤其是中间的鸭子，它用欢快的语气向朋友们介绍这碗汤的美味，显得十分兴奋。它们的表情和动作展现出一种团结和友好的氛围，体现了友谊和共享的快乐。

色彩上，画面使用了温暖的色调，如橙色和黄色，营造出一种温馨而愉快的氛围，仿佛让人能感受到汤的热气扑面而来。艺术风格则细腻可爱，动物们的形象生动有趣，容易吸引儿童的目光。

情感氛围上，这幅插图充满了欢乐和期待，动物们聚在一起，不仅是为了品尝美食，更是为了分享快乐，体现了互助和关心的精神。这种氛围与绘本传递的积极向上的教育意义相得益彰，鼓励孩子们在成长过程中珍视友谊，培养分享与合作的品质。

总的来说，这幅插图通过生动的场景、可爱的角色和温暖的色彩，传达了积极的情感和价值观","幼儿","睡前故事","儿童绘本，传递积极正面的价值观","儿童、绘本、教育、成长"